55e73c13eb8eae083149a454,1YcJB8tYnZkmYkE5SEjcDftL5v8dfWeZj,Alejandro,Noriega Campero,noriega@mit.edu,MIT Media Lab
55e73c13eb8eae083149a455,1N4nRHL3fGgrVwraA1goJDrM4dA1yfPKwt,Abdullah,Almaatouq,amaatouq@mit.edu,MIT Media Lab
55e73c13eb8eae083149a456,15J8TyLN3K2Pa2RaT9YTucYJi2MbP3v2kH,Juliana,Nazaré,jnazare@media.mit.edu,MIT Media Lab
55e73c13eb8eae083149a457,1LRNEUEi5aAyeZMGux2rHiGMCEX6UU4mJ5,Erhardt,Graeff,erhardt@media.mit.edu,MIT Media Lab
55e73c13eb8eae083149a458,12CgjAQoukYP7Ks2CxFwWH5dzGQ64dTLNA,Jen,Groff,jgroff@media.mit.edu,MIT Media Lab
55e73c13eb8eae083149a459,1HNLJTXwPsRLc5iKJKwiR886zhacpQrtrF,Travis,Rich,trich@media.mit.edu,MIT Media Lab
55e73c13eb8eae083149a45a,1MBxuDkFj2txJkExr994nsoNT4qUhAgbbg,Emilie,Reiser,emreiser@media.mit.edu,MIT Media Lab
55e73c13eb8eae083149a45b,1ApE8PsfbUyuYmUkVEomwbKkMRhyYFobfV,Juan,Huicochea Mason,juanhuico@hotmail.com,
55e73c13eb8eae083149a45c,1PjQUoD3NEApq9fckXbh6cuLXRyKSkyLxW,Sarai,Montiel Escandón,sara.escandon@hotmail.com,
55e73c13eb8eae083149a45d,1KgeURpFQweXNNL4PJf8QVGD92CKzP2fdE,Carla Nayeli,Ramírez Farías,carlarf.8@gmail.com,
55e73c13eb8eae083149a45e,1GArmrdCjkUwccbjCFCb2qTqdu4r1vpBpz,Ignacio,Tovar Fernández,ignatovar@gmail.com,
55e73c13eb8eae083149a45f,14ESGKXjnt8sMwaJDap3yr6nsKS2RNefGr,Rocío,Calderón Castro,rociocalderoncastro@gmail.com,
55e73c13eb8eae083149a460,1HPErnHwz7o4CtWHxAGgWxQhReDXwouWv3,Jorge,Cravioto Lagos,jcraviotolagos@gmail.com,
55e73c13eb8eae083149a461,1GrCZh2fjNLUFp6nmVUtzqdJEtq9wZaDH9,Jorge Alberto,Rodríguez García,ro16galbert@gmail.com,
55e73c13eb8eae083149a462,1DfyPsiQjZyD63uSFEg5ggKQqEDGppR3od,Cristian Hiram,Guerrero León,c@krieger.mx,
55e73c13eb8eae083149a463,1P6zzjT1GmZ92ciTsPhVVJtpGvnkMgKWP4,Cuauhtémoc,Monroy Pedraza,temo.cute@gmail.com,
55e73c13eb8eae083149a464,1EBhVsZMZjtJsNe38pAukSLacknHAcqSxS,Marco Vladimir,García Trejo,vladigt@gmail.com,
55e73c13eb8eae083149a465,139kx7LtEm6bnux4jczpUrE6KQBcSVptym,Daniel Alfonso,Velázquez Lechuga,daniel@krieger.mx,
55e73c13eb8eae083149a466,1BQdnC5m9ti64t2n4cBe5MqzXPcN5LNVTT,Marlon,Vargas Contreras,marlon.vc@krieger.mx,
55e73c13eb8eae083149a467,1M7W8u1kBMmu3PtZSHkHDxdmMzmYVq5WSj,Sofia,Bosch,sofia@labcd.mx,Laboratorio para la Ciudad
55e73c13eb8eae083149a468,145VMccSzbxe9QP3JQm7CR6mrbvzpB25n2,Eduardo Daniel,Pérez Tello,daniel@labcd.mx,Laboratorio para la Ciudad
55e73c13eb8eae083149a469,12syyZjM6tDUDAorTQDr1tteq27Yux3gf8,Humberto,Fuentes,humberto@labcd.mx,Laboratorio para la Ciudad
55e73c13eb8eae083149a46a,1C2ex7xZz4WvAuZJjUEWteo9dXRAvZBHfk,Adriana,Silva,adriana@labcd.mx,Laboratorio para la Ciudad
55e73c13eb8eae083149a46b,12dhbczpfUbq6RVZvLY7TvsHfD4k1oz9wg,René,Argüellez,rene@labcd.mx,Laboratorio para la Ciudad
55e73c13eb8eae083149a46c,1aXWShwzGDRDpMrtL9jzMkXvKReHcgmNX,Isaac,Pérez-Serrano,isaac@labcd.mx,Laboratorio para la Ciudad
55e73c13eb8eae083149a46d,1P5TG8k2zurevNytXeBDNVfysD5iL9hAER,Diego Emilio,Cuesy Edgar,diego@labcd.mx,Laboratorio para la Ciudad
55e73c13eb8eae083149a46e,1GRtkYx6CrdmxX7UtYhFMhrpjtTCjEdpnB,Roberto,Ascencio,roberto@labcd.mx,Laboratorio para la Ciudad
55e73c13eb8eae083149a46f,19hCxu23d3c1ennd5C11jT8FgJ3HrK8R8n,Jorge,Cáñez,jorge@labcd.mx,Laboratorio para la Ciudad
55e73c13eb8eae083149a470,13C1oHJVaz18riqyKecfCRwKMn7pMyzkBR,Leticia,Lozano,leticia@labcd.mx,Laboratorio para la Ciudad
55e73c13eb8eae083149a471,177KygE87Z1yrvJ5D7FPSSV3X3YsrG9c39,Mariana,Gallardo,marianushka06@hotmail.com,Laboratorio para la Ciudad
55e73c13eb8eae083149a472,14vtoAR2iAANL1dVhRfd9bmpJA3PN6bbgw,Miguel Angel,Perez,mperez4@mit.edu,MIT Media Lab